{
    "file_path": "bmi.png",
    "control_points": {
        "weight": [
            [
                71,
                57
            ],
            [
                70,
                814
            ]
        ],
        "bmi": [
            [
                289,
                161
            ],
            [
                289,
                678
            ]
        ],
        "height": [
            [
                672,
                60
            ],
            [
                673,
                805
            ]
        ]
    },
    "axis_points": {
        "weight": [
            [
                70.04838709677419,
                777.3709677419355,
                25.0
            ],
            [
                70.28225806451613,
                600.3306451612904,
                40.0
            ],
            [
                70.58064516129032,
                374.4516129032258,
                70.0
            ],
            [
                70.75806451612902,
                240.1451612903226,
                100.0
            ]
        ],
        "bmi": [
            [
                289.0,
                640.4758064516129,
                10.0
            ],
            [
                289.0,
                473.7016129032258,
                20.0
            ],
            [
                289.0,
                298.58870967741933,
                40.0
            ],
            [
                289.0,
                202.69354838709677,
                60.0
            ]
        ],
        "height": [
            [
                672.1209677419355,
                150.1209677419355,
                130.0
            ],
            [
                672.3145161290323,
                294.31451612903226,
                145.0
            ],
            [
                672.5967741935484,
                504.5967741935484,
                170.0
            ],
            [
                672.9758064516129,
                786.9758064516129,
                210.0
            ]
        ]
    },
    "distributions": {
        "weight": "Normal(65,7.5)",
        "bmi": null,
        "height": "Normal(175,7.5)"
    }
}