{
    "file_path": "meyer_nomogram.png",
    "control_points": {
        "l": [
            [
                105,
                435
            ],
            [
                99,
                283
            ],
            [
                234,
                166
            ]
        ],
        "s": [
            [
                428,
                95
            ],
            [
                582.0,
                272.0
            ],
            [
                588.0,
                585.0
            ],
            [
                436,
                760
            ]
        ],
        "a": [
            [
                460,
                760
            ],
            [
                799.0,
                708.0
            ],
            [
                890.0,
                291.0
            ],
            [
                572,
                121
            ]
        ]
    },
    "axis_points": {
        "l": [
            [
                109.4797086368366,
                368.13943808532775,
                0.1
            ],
            [
                127.41707856399583,
                307.04702133194587,
                0.2
            ],
            [
                157.3265478668054,
                251.35399323621226,
                0.3
            ],
            [
                194.11966701352756,
                204.65244536940688,
                0.4
            ]
        ],
        "s": [
            [
                538.7809038384075,
                339.9612813013998,
                0.4
            ],
            [
                541.2858235289182,
                516.4509195310665,
                0.6
            ],
            [
                497.2594407707026,
                665.702225504347,
                0.8
            ],
            [
                466.60358938102115,
                719.8189942012689,
                0.9
            ]
        ],
        "a": [
            [
                628.4844416098822,
                156.8231680708939,
                240.0
            ],
            [
                694.6266322043571,
                219.96696989023536,
                250.0
            ],
            [
                747.1400459660637,
                310.22451411500117,
                260.0
            ],
            [
                748.4936767815782,
                534.9456966869188,
                280.0
            ],
            [
                633.4789738301835,
                689.0544963243933,
                300.0
            ],
            [
                571.8521035086101,
                726.1890126212614,
                310.0
            ]
        ]
    },
    "distributions": {
        "l": null,
        "s": null,
        "a": null
    }
}