{
    "file_path": "tutorial1a_page-0001.jpg",
    "control_points": {
        "kms": [
            [
                41,
                52
            ],
            [
                42,
                819
            ]
        ],
        "kmsper": [
            [
                297,
                592
            ],
            [
                554,
                278
            ]
        ],
        "litres": [
            [
                809,
                819
            ],
            [
                807,
                51
            ]
        ]
    },
    "axis_points": {
        "kms": [
            [
                41.88590604026846,
                731.489932885906,
                200.0
            ],
            [
                41.66442953020134,
                561.6174496644296,
                400.0
            ],
            [
                41.442953020134226,
                391.744966442953,
                600.0
            ],
            [
                41.22147651006711,
                221.8724832214765,
                800.0
            ]
        ],
        "kmsper": [
            [
                329.7718120805369,
                551.9597315436241,
                6.0
            ],
            [
                405.66442953020135,
                459.23489932885906,
                9.0
            ],
            [
                474.6577181208054,
                374.93959731543623,
                13.0
            ],
            [
                524.6778523489933,
                313.8255033557047,
                17.0
            ]
        ],
        "litres": [
            [
                807.3355704697987,
                179.85906040268455,
                25.0
            ],
            [
                807.7785234899329,
                349.95302013422815,
                45.0
            ],
            [
                808.3422818791947,
                566.4362416107383,
                70.0
            ],
            [
                808.7852348993289,
                736.5302013422819,
                90.0
            ]
        ]
    },
    "distributions": {
        "kms": "Normal(300,20)",
        "kmsper": null,
        "litres": null
    }
}